{
  "service": {
    "service": "RealSoftware-BizMan-Web",
    "serviceObject": {
      "name": "RealSoftware-BizMan-Web"
    },
    "provider": {
<<<<<<< HEAD
      "stage": "prod",
      "variableSyntax": "\\${([^{}:]+?(?:\\(|:)(?:[^:{}][^{}]*?)?)}",
=======
>>>>>>> [WIP] Harcourts
      "name": "aws",
      "runtime": "dotnetcore3.1",
      "memorySize": 1024,
      "region": "ap-southeast-2",
      "endpointType": "REGIONAL",
      "stackName": "RealSoftware-BizMan-Web-prod",
      "stage": "prod",
      "iamRoleStatements": [
        {
          "Effect": "Allow",
          "Action": [
            "dynamodb:*"
          ],
          "Resource": "arn:aws:dynamodb:ap-southeast-2:*:**/*"
        },
        {
          "Effect": "Allow",
          "Action": [
            "s3:*",
            "sns:*"
          ],
          "Resource": [
            "*"
          ]
        }
      ],
      "environment": {
        "ASPNETCORE_ENVIRONMENT": "Production"
      },
      "variableSyntax": "\\${([^{}:]+?(?:\\(|:)(?:[^:{}][^{}]*?)?)}",
      "versionFunctions": true,
      "compiledCloudFormationTemplate": {
        "AWSTemplateFormatVersion": "2010-09-09",
        "Description": "The AWS CloudFormation template for this Serverless application",
        "Resources": {
          "ServerlessDeploymentBucket": {
            "Type": "AWS::S3::Bucket",
            "Properties": {
              "BucketEncryption": {
                "ServerSideEncryptionConfiguration": [
                  {
                    "ServerSideEncryptionByDefault": {
                      "SSEAlgorithm": "AES256"
                    }
                  }
                ]
              }
            }
          },
          "ServerlessDeploymentBucketPolicy": {
            "Type": "AWS::S3::BucketPolicy",
            "Properties": {
              "Bucket": {
                "Ref": "ServerlessDeploymentBucket"
              },
              "PolicyDocument": {
                "Statement": [
                  {
                    "Action": "s3:*",
                    "Effect": "Deny",
                    "Principal": "*",
                    "Resource": [
                      {
                        "Fn::Join": [
                          "",
                          [
                            "arn:",
                            {
                              "Ref": "AWS::Partition"
                            },
                            ":s3:::",
                            {
                              "Ref": "ServerlessDeploymentBucket"
                            },
                            "/*"
                          ]
                        ]
                      },
                      {
                        "Fn::Join": [
                          "",
                          [
                            "arn:",
                            {
                              "Ref": "AWS::Partition"
                            },
                            ":s3:::",
                            {
                              "Ref": "ServerlessDeploymentBucket"
                            }
                          ]
                        ]
                      }
                    ],
                    "Condition": {
                      "Bool": {
                        "aws:SecureTransport": false
                      }
                    }
                  }
                ]
              }
            }
          },
          "ApiLogGroup": {
            "Type": "AWS::Logs::LogGroup",
            "Properties": {
              "LogGroupName": "/aws/lambda/RealSoftware-BizMan-Web-prod-api"
            }
          },
          "IamRoleLambdaExecution": {
            "Type": "AWS::IAM::Role",
            "Properties": {
              "AssumeRolePolicyDocument": {
                "Version": "2012-10-17",
                "Statement": [
                  {
                    "Effect": "Allow",
                    "Principal": {
                      "Service": [
                        "lambda.amazonaws.com"
                      ]
                    },
                    "Action": [
                      "sts:AssumeRole"
                    ]
                  }
                ]
              },
              "Policies": [
                {
                  "PolicyName": {
                    "Fn::Join": [
                      "-",
                      [
                        "RealSoftware-BizMan-Web",
                        "prod",
                        "lambda"
                      ]
                    ]
                  },
                  "PolicyDocument": {
                    "Version": "2012-10-17",
                    "Statement": [
                      {
                        "Effect": "Allow",
                        "Action": [
                          "logs:CreateLogStream",
                          "logs:CreateLogGroup"
                        ],
                        "Resource": [
                          {
                            "Fn::Sub": "arn:${AWS::Partition}:logs:${AWS::Region}:${AWS::AccountId}:log-group:/aws/lambda/RealSoftware-BizMan-Web-prod*:*"
                          }
                        ]
                      },
                      {
                        "Effect": "Allow",
                        "Action": [
                          "logs:PutLogEvents"
                        ],
                        "Resource": [
                          {
                            "Fn::Sub": "arn:${AWS::Partition}:logs:${AWS::Region}:${AWS::AccountId}:log-group:/aws/lambda/RealSoftware-BizMan-Web-prod*:*:*"
                          }
                        ]
                      },
                      {
                        "$ref": "$[\"service\"][\"provider\"][\"iamRoleStatements\"][0]"
                      },
                      {
                        "$ref": "$[\"service\"][\"provider\"][\"iamRoleStatements\"][1]"
                      }
                    ]
                  }
                }
              ],
              "Path": "/",
              "RoleName": {
                "Fn::Join": [
                  "-",
                  [
                    "RealSoftware-BizMan-Web",
                    "prod",
                    {
                      "Ref": "AWS::Region"
                    },
                    "lambdaRole"
                  ]
                ]
              }
            }
          },
          "ApiLambdaFunction": {
            "Type": "AWS::Lambda::Function",
            "Properties": {
              "Code": {
                "S3Bucket": {
                  "Ref": "ServerlessDeploymentBucket"
                },
<<<<<<< HEAD
                "S3Key": "serverless/RealSoftware-BizMan-Web/prod/1612343013146-2021-02-03T09:03:33.146Z/RealSoftware.Management.FacebookApp.Web.zip"
=======
                "S3Key": "serverless/RealSoftware-BizMan-Web/prod/1608327150295-2020-12-18T21:32:30.295Z/RealSoftware.Management.FacebookApp.Web.zip"
>>>>>>> [WIP] Harcourts
              },
              "Handler": "RealSoftware.Management.FacebookApp.Web::RealSoftware.Management.FacebookApp.Web.LambdaEntryPoint::FunctionHandlerAsync",
              "Runtime": "dotnetcore3.1",
              "FunctionName": "RealSoftware-BizMan-Web-prod-api",
              "MemorySize": 2048,
              "Timeout": 15,
              "Environment": {
                "Variables": {
                  "ASPNETCORE_ENVIRONMENT": "Production"
                }
              },
              "Role": {
                "Fn::GetAtt": [
                  "IamRoleLambdaExecution",
                  "Arn"
                ]
              }
            },
            "DependsOn": [
              "ApiLogGroup"
            ]
          },
<<<<<<< HEAD
          "ApiLambdaVersionLZFq2yagNvxqkd3YfniOZsPvONvlqG9unJX8a4URUU": {
=======
          "ApiLambdaVersionmjeXAZNDdPSz1LZkMOHxeRP6zDGlanUAiqApgckLslM": {
>>>>>>> [WIP] Harcourts
            "Type": "AWS::Lambda::Version",
            "DeletionPolicy": "Retain",
            "Properties": {
              "FunctionName": {
                "Ref": "ApiLambdaFunction"
              },
<<<<<<< HEAD
              "CodeSha256": "Nlm5UcVIjeBq727FJKqy70cHK/syLl93mUEQdVbTo+Y="
=======
              "CodeSha256": "TB80a9HV9uqTtDGFev+CqIDk5nI3dZBN5dRQbewwJ74="
>>>>>>> [WIP] Harcourts
            }
          },
          "ApiGatewayRestApi": {
            "Type": "AWS::ApiGateway::RestApi",
            "Properties": {
              "Name": "prod-RealSoftware-BizMan-Web",
              "EndpointConfiguration": {
                "Types": [
                  "REGIONAL"
                ]
              },
              "Policy": ""
            }
          },
          "ApiGatewayResourceProxyVar": {
            "Type": "AWS::ApiGateway::Resource",
            "Properties": {
              "ParentId": {
                "Fn::GetAtt": [
                  "ApiGatewayRestApi",
                  "RootResourceId"
                ]
              },
              "PathPart": "{proxy+}",
              "RestApiId": {
                "Ref": "ApiGatewayRestApi"
              }
            }
          },
          "ApiGatewayMethodProxyVarAny": {
            "Type": "AWS::ApiGateway::Method",
            "Properties": {
              "HttpMethod": "ANY",
              "RequestParameters": {},
              "ResourceId": {
                "Ref": "ApiGatewayResourceProxyVar"
              },
              "RestApiId": {
                "Ref": "ApiGatewayRestApi"
              },
              "ApiKeyRequired": false,
              "AuthorizationType": "NONE",
              "Integration": {
                "IntegrationHttpMethod": "POST",
                "Type": "AWS_PROXY",
                "Uri": {
                  "Fn::Join": [
                    "",
                    [
                      "arn:",
                      {
                        "Ref": "AWS::Partition"
                      },
                      ":apigateway:",
                      {
                        "Ref": "AWS::Region"
                      },
                      ":lambda:path/2015-03-31/functions/",
                      {
                        "Fn::GetAtt": [
                          "ApiLambdaFunction",
                          "Arn"
                        ]
                      },
                      "/invocations"
                    ]
                  ]
                }
              },
              "MethodResponses": []
            }
          },
          "ApiGatewayMethodAny": {
            "Type": "AWS::ApiGateway::Method",
            "Properties": {
              "HttpMethod": "ANY",
              "RequestParameters": {},
              "ResourceId": {
                "Fn::GetAtt": [
                  "ApiGatewayRestApi",
                  "RootResourceId"
                ]
              },
              "RestApiId": {
                "Ref": "ApiGatewayRestApi"
              },
              "ApiKeyRequired": false,
              "AuthorizationType": "NONE",
              "Integration": {
                "IntegrationHttpMethod": "POST",
                "Type": "AWS_PROXY",
                "Uri": {
                  "Fn::Join": [
                    "",
                    [
                      "arn:",
                      {
                        "Ref": "AWS::Partition"
                      },
                      ":apigateway:",
                      {
                        "Ref": "AWS::Region"
                      },
                      ":lambda:path/2015-03-31/functions/",
                      {
                        "Fn::GetAtt": [
                          "ApiLambdaFunction",
                          "Arn"
                        ]
                      },
                      "/invocations"
                    ]
                  ]
                }
              },
              "MethodResponses": []
            }
          },
<<<<<<< HEAD
          "ApiGatewayDeployment1612343009962": {
=======
          "ApiGatewayDeployment1608327148453": {
>>>>>>> [WIP] Harcourts
            "Type": "AWS::ApiGateway::Deployment",
            "Properties": {
              "RestApiId": {
                "Ref": "ApiGatewayRestApi"
              },
              "StageName": "prod"
            },
            "DependsOn": [
              "ApiGatewayMethodProxyVarAny",
              "ApiGatewayMethodAny"
            ]
          },
          "ApiLambdaPermissionApiGateway": {
            "Type": "AWS::Lambda::Permission",
            "Properties": {
              "FunctionName": {
                "Fn::GetAtt": [
                  "ApiLambdaFunction",
                  "Arn"
                ]
              },
              "Action": "lambda:InvokeFunction",
              "Principal": "apigateway.amazonaws.com",
              "SourceArn": {
                "Fn::Join": [
                  "",
                  [
                    "arn:",
                    {
                      "Ref": "AWS::Partition"
                    },
                    ":execute-api:",
                    {
                      "Ref": "AWS::Region"
                    },
                    ":",
                    {
                      "Ref": "AWS::AccountId"
                    },
                    ":",
                    {
                      "Ref": "ApiGatewayRestApi"
                    },
                    "/*/*"
                  ]
                ]
              }
            }
          }
        },
        "Outputs": {
          "ServerlessDeploymentBucketName": {
            "Value": {
              "Ref": "ServerlessDeploymentBucket"
            }
          },
          "ApiLambdaFunctionQualifiedArn": {
            "Description": "Current Lambda function version",
            "Value": {
<<<<<<< HEAD
              "Ref": "ApiLambdaVersionLZFq2yagNvxqkd3YfniOZsPvONvlqG9unJX8a4URUU"
=======
              "Ref": "ApiLambdaVersionmjeXAZNDdPSz1LZkMOHxeRP6zDGlanUAiqApgckLslM"
>>>>>>> [WIP] Harcourts
            }
          },
          "ServiceEndpoint": {
            "Description": "URL of the service endpoint",
            "Value": {
              "Fn::Join": [
                "",
                [
                  "https://",
                  {
                    "Ref": "ApiGatewayRestApi"
                  },
                  ".execute-api.",
                  {
                    "Ref": "AWS::Region"
                  },
                  ".",
                  {
                    "Ref": "AWS::URLSuffix"
                  },
                  "/prod"
                ]
              ]
            }
          }
        }
      },
      "coreCloudFormationTemplate": {
        "AWSTemplateFormatVersion": "2010-09-09",
        "Description": "The AWS CloudFormation template for this Serverless application",
        "Resources": {
          "ServerlessDeploymentBucket": {
            "Type": "AWS::S3::Bucket",
            "Properties": {
              "BucketEncryption": {
                "ServerSideEncryptionConfiguration": [
                  {
                    "ServerSideEncryptionByDefault": {
                      "SSEAlgorithm": "AES256"
                    }
                  }
                ]
              }
            }
          },
          "ServerlessDeploymentBucketPolicy": {
            "Type": "AWS::S3::BucketPolicy",
            "Properties": {
              "Bucket": {
                "Ref": "ServerlessDeploymentBucket"
              },
              "PolicyDocument": {
                "Statement": [
                  {
                    "Action": "s3:*",
                    "Effect": "Deny",
                    "Principal": "*",
                    "Resource": [
                      {
                        "Fn::Join": [
                          "",
                          [
                            "arn:",
                            {
                              "Ref": "AWS::Partition"
                            },
                            ":s3:::",
                            {
                              "Ref": "ServerlessDeploymentBucket"
                            },
                            "/*"
                          ]
                        ]
                      },
                      {
                        "Fn::Join": [
                          "",
                          [
                            "arn:",
                            {
                              "Ref": "AWS::Partition"
                            },
                            ":s3:::",
                            {
                              "Ref": "ServerlessDeploymentBucket"
                            }
                          ]
                        ]
                      }
                    ],
                    "Condition": {
                      "Bool": {
                        "aws:SecureTransport": false
                      }
                    }
                  }
                ]
              }
            }
          }
        },
        "Outputs": {
          "ServerlessDeploymentBucketName": {
            "Value": {
              "Ref": "ServerlessDeploymentBucket"
            }
          }
        }
      },
      "vpc": {}
    },
    "custom": {
      "customDomain": {
        "createRoute53Record": false,
        "endpointType": "regional"
      },
      "EnvironmentVariables": {
        "hostingEnv": "Production"
      }
    },
    "pluginsData": {},
    "functions": {
      "api": {
        "handler": "RealSoftware.Management.FacebookApp.Web::RealSoftware.Management.FacebookApp.Web.LambdaEntryPoint::FunctionHandlerAsync",
        "memorySize": 2048,
        "timeout": 15,
        "package": {
          "artifact": "../../build/RealSoftware.Management.FacebookApp.Web.zip"
        },
        "events": [
          {
            "http": {
              "path": "{proxy+}",
              "method": "any",
              "integration": "AWS_PROXY"
            }
          },
          {
            "http": {
              "path": "",
              "method": "any",
              "integration": "AWS_PROXY"
            }
          }
        ],
        "name": "RealSoftware-BizMan-Web-prod-api",
        "memory": 2048,
        "runtime": "dotnetcore3.1",
        "vpc": {},
<<<<<<< HEAD
        "versionLogicalId": "ApiLambdaVersionLZFq2yagNvxqkd3YfniOZsPvONvlqG9unJX8a4URUU"
=======
        "versionLogicalId": "ApiLambdaVersionmjeXAZNDdPSz1LZkMOHxeRP6zDGlanUAiqApgckLslM"
>>>>>>> [WIP] Harcourts
      }
    },
    "configValidationMode": "warn",
    "serviceFilename": "serverless.yml",
    "layers": {},
    "initialServerlessConfig": {
<<<<<<< HEAD
      "service": "RealSoftware-BizMan-Web",
=======
      "service": {
        "$ref": "$[\"service\"][\"serviceObject\"]"
      },
>>>>>>> [WIP] Harcourts
      "custom": {
        "customDomain": {
          "createRoute53Record": false,
          "endpointType": "regional"
        },
        "EnvironmentVariables": {
          "hostingEnv": "Production"
        }
      },
      "provider": {
<<<<<<< HEAD
        "name": "aws",
        "runtime": "dotnetcore3.1",
        "memorySize": 1024,
        "region": "ap-southeast-2",
        "endpointType": "REGIONAL",
        "stackName": "RealSoftware-BizMan-Web-prod",
        "stage": "prod",
        "iamRoleStatements": [
          {
            "Effect": "Allow",
            "Action": [
              "dynamodb:*"
            ],
            "Resource": [
              "arn:aws:dynamodb:ap-southeast-2:*:**/*"
            ]
          },
          {
            "Effect": "Allow",
            "Action": [
              "s3:*",
              "sns:*"
            ],
            "Resource": [
              "*"
            ]
          }
        ],
        "environment": {
          "ASPNETCORE_ENVIRONMENT": "Production"
        }
      },
      "package": {
        "individually": true,
        "artifactDirectoryName": "serverless/RealSoftware-BizMan-Web/prod/1612343013146-2021-02-03T09:03:33.146Z"
=======
        "$ref": "$[\"service\"][\"provider\"]"
      },
      "package": {
        "individually": true,
        "artifactDirectoryName": "serverless/RealSoftware-BizMan-Web/prod/1608327150295-2020-12-18T21:32:30.295Z"
>>>>>>> [WIP] Harcourts
      },
      "functions": {
        "$ref": "$[\"service\"][\"functions\"]"
      }
    },
    "isDashboardMonitoringPreconfigured": false
  },
  "package": {
    "individually": true,
<<<<<<< HEAD
    "artifactDirectoryName": "serverless/RealSoftware-BizMan-Web/prod/1612343013146-2021-02-03T09:03:33.146Z",
=======
    "artifactDirectoryName": "serverless/RealSoftware-BizMan-Web/prod/1608327150295-2020-12-18T21:32:30.295Z",
>>>>>>> [WIP] Harcourts
    "artifact": ""
  }
}